Workbook

Sheet average
B1: 1 | C1: 2 | D1: 3 | E1: 4 | F1: 5
A2: 10 | B2: ='N=1'!F2 -> 17.530526 | C2: ='N=2'!F2 -> 17.548913 | D2: ='N=3'!F2 -> 17.848099 | E2: ='N=4'!F2 -> 17.58446 | F2: ='N=5'!F2 -> 17.701881
A3: 15 | B3: ='N=1'!F3 -> 19.064955 | C3: ='N=2'!F3 -> 19.527951 | D3: ='N=3'!F3 -> 19.780291 | E3: ='N=4'!F3 -> 19.712854 | F3: ='N=5'!F3 -> 19.692624
A4: 20 | B4: ='N=1'!F4 -> 20.543428 | C4: ='N=2'!F4 -> 21.427049 | D4: ='N=3'!F4 -> 21.656156 | E4: ='N=4'!F4 -> 21.439887 | F4: ='N=5'!F4 -> 21.266368
A5: 25 | B5: ='N=1'!F5 -> 21.473756 | C5: ='N=2'!F5 -> 22.084338 | D5: ='N=3'!F5 -> 22.416102 | E5: ='N=4'!F5 -> 21.66303 | F5: ='N=5'!F5 -> 21.507432
A6: 30 | B6: ='N=1'!F6 -> 22.108524 | C6: ='N=2'!F6 -> 22.502374 | D6: ='N=3'!F6 -> 22.979787 | E6: ='N=4'!F6 -> 21.927172 | F6: ='N=5'!F6 -> 21.862384
A7: 35 | B7: ='N=1'!F7 -> 22.269685 | C7: ='N=2'!F7 -> 22.581369 | D7: ='N=3'!F7 -> 23.1271 | E7: ='N=4'!F7 -> 21.855371 | F7: ='N=5'!F7 -> 21.806802
A8: 40 | B8: ='N=1'!F8 -> 22.497265 | C8: ='N=2'!F8 -> 22.638996 | D8: ='N=3'!F8 -> 23.307108 | E8: ='N=4'!F8 -> 21.769856 | F8: ='N=5'!F8 -> 21.810556
A9: 45 | B9: ='N=1'!F9 -> 22.509397 | C9: ='N=2'!F9 -> 22.784014 | D9: ='N=3'!F9 -> 23.382021 | E9: ='N=4'!F9 -> 21.947761 | F9: ='N=5'!F9 -> 21.92479
A10: 50 | B10: ='N=1'!F10 -> 22.511547 | C10: ='N=2'!F10 -> 22.868417 | D10: ='N=3'!F10 -> 23.496554 | E10: ='N=4'!F10 -> 22.08099 | F10: ='N=5'!F10 -> 22.098344
A11: 55 | B11: ='N=1'!F11 -> 22.62137 | C11: ='N=2'!F11 -> 23.013429 | D11: ='N=3'!F11 -> 23.579739 | E11: ='N=4'!F11 -> 22.180394 | F11: ='N=5'!F11 -> 22.110222
A12: 60 | B12: ='N=1'!F12 -> 22.864306 | C12: ='N=2'!F12 -> 23.30931 | D12: ='N=3'!F12 -> 23.929605 | E12: ='N=4'!F12 -> 22.459857 | F12: ='N=5'!F12 -> 22.449733
A13: 65 | B13: ='N=1'!F13 -> 22.770115 | C13: ='N=2'!F13 -> 23.219173 | D13: ='N=3'!F13 -> 23.780288 | E13: ='N=4'!F13 -> 22.369066 | F13: ='N=5'!F13 -> 22.307183
... A20: 100 | B20: ='N=1'!F20 -> 23.011734 | C20: ='N=2'!F20 -> 23.397768 | D20: ='N=3'!F20 -> 24.053724 | E20: ='N=4'!F20 -> 22.502779 | F20: ='N=5'!F20 -> 22.488646

Sheet averaging
A1: =AVERAGE(C1:CB1) -> 18.702719 | C1: 19.9246 | D1: 32.7335 | E1: 28.7425 | F1: 18.2886 | G1: 23.374 | H1: 16.6191 | I1: 19.5838 | J1: 25.4505 | K1: 22.8541 | L1: 18.4068 | M1: 16.967 | N1: 16.0983 | O1: 17.2257 | P1: 18.1078 | Q1: 19.7571 | R1: 20.9206 | S1: 22.1028 | T1: 24.0361 | U1: 23.7063 | V1: 23.5432 | W1: 23.1067 | X1: 22.433 | Y1: 21.3447 | Z1: 20.9829 | AA1: 20.3826 | AB1: 20.1364 | AC1: 19.888 | AD1: 19.1982 | AE1: 18.9928 | AF1: 18.7898 | AG1: 17.9891 | AH1: 17.999 | AI1: 17.8693 | AJ1: 17.8372 | AK1: 17.3968 | AL1: 17.3709 | AM1: 17.3827 | AN1: 17.3412 | AO1: 15.5298 | AP1: 16.0381 | AQ1: 16.027 | AR1: 16.0423 | AS1: 16.0704 | AT1: 16.0563 | AU1: 16.1029 | AV1: 16.1257 | AW1: 16.1734 | AX1: 16.1904 | AY1: 16.2084 | AZ1: 16.2322 | BA1: 16.2474 | BB1: 16.3393 | BC1: 16.3495 | BD1: 16.3571 | BE1: 17.3367 | BF1: 17.3218 | BG1: 17.3268 | BH1: 17.35 | BI1: 17.3223 | BJ1: 17.3258 | BK1: 17.3548 | BL1: 17.3387 | BM1: 17.4102 | BN1: 17.4143 | BO1: 17.3627 | BP1: 17.3468 | BQ1: 17.356 | BR1: 17.3372 | BS1: 18.3168 | BT1: 18.3261 | BU1: 18.3032 | BV1: 18.2758 | BW1: 18.2784 | BX1: 18.2794 | BY1: 18.2787 | BZ1: 18.2705 | CA1: 18.2936 | CB1: 18.3116
A2: =AVERAGE(C2:CB2) -> 20.604463 | C2: 33.3325 | D2: 19.5337 | E2: 28.7425 | F2: 28.4652 | G2: 22.2939 | H2: 22.1787 | I2: 19.5838 | J2: 25.4505 | K2: 22.8541 | L2: 18.4068 | M2: 19.6109 | N2: 21.5015 | O2: 24.6695 | P2: 24.446 | Q2: 22.8861 | R2: 21.2918 | S2: 20.0947 | T2: 18.8358 | U2: 17.3807 | V2: 18.209 | W2: 19.1221 | X2: 19.3264 | Y2: 20.4152 | Z2: 20.5012 | AA2: 21.8252 | AB2: 21.8639 | AC2: 21.8304 | AD2: 22.9838 | AE2: 22.8179 | AF2: 22.6446 | AG2: 23.3263 | AH2: 23.0984 | AI2: 22.9332 | AJ2: 22.555 | AK2: 22.9355 | AL2: 22.7566 | AM2: 22.4686 | AN2: 22.2 | AO2: 22.0022 | AP2: 21.4446 | AQ2: 21.3878 | AR2: 21.3123 | AS2: 21.1845 | AT2: 21.0141 | AU2: 20.8996 | AV2: 20.3864 | AW2: 20.2896 | AX2: 20.2855 | AY2: 20.2097 | AZ2: 20.1806 | BA2: 20.0714 | BB2: 19.9938 | BC2: 19.8892 | BD2: 19.8196 | BE2: 19.235 | BF2: 19.171 | BG2: 19.1457 | BH2: 19.1234 | BI2: 17.4011 | BJ2: 17.3996 | BK2: 17.4151 | BL2: 17.407 | BM2: 17.4628 | BN2: 17.4675 | BO2: 17.4113 | BP2: 17.3917 | BQ2: 17.4072 | BR2: 17.3888 | BS2: 18.0743 | BT2: 18.0846 | BU2: 18.0655 | BV2: 18.0386 | BW2: 18.0373 | BX2: 18.0446 | BY2: 18.0458 | BZ2: 18.0421 | CA2: 18.0656 | CB2: 18.0796
A3: =AVERAGE(C3:CB3) -> 22.052994 | C3: 26.3418 | D3: 32.7335 | E3: 28.7425 | F3: 24.1835 | G3: 23.374 | H3: 27.2528 | I3: 19.5838 | J3: 25.4505 | K3: 22.8541 | L3: 20.6839 | M3: 23.8897 | N3: 24.5188 | O3: 22.2946 | P3: 20.5091 | Q3: 19.7571 | R3: 20.9206 | S3: 22.1028 | T3: 24.0361 | U3: 23.7063 | V3: 23.5432 | W3: 23.1067 | X3: 22.433 | Y3: 21.3447 | Z3: 20.9829 | AA3: 18.6741 | AB3: 18.7484 | AC3: 18.8291 | AD3: 19.5636 | AE3: 19.6788 | AF3: 19.7789 | AG3: 20.3399 | AH3: 20.3603 | AI3: 20.5695 | AJ3: 20.5092 | AK3: 22.4564 | AL3: 22.4692 | AM3: 22.2996 | AN3: 22.2286 | AO3: 22.127 | AP3: 23.4003 | AQ3: 23.2105 | AR3: 23.1258 | AS3: 22.9979 | AT3: 22.8685 | AU3: 22.7468 | AV3: 22.9802 | AW3: 22.907 | AX3: 22.7878 | AY3: 22.6313 | AZ3: 22.4948 | BA3: 22.3588 | BB3: 22.2972 | BC3: 22.1731 | BD3: 22.0734 | BE3: 22.0168 | BF3: 21.8928 | BG3: 21.7718 | BH3: 21.715 | BI3: 21.6149 | BJ3: 21.4842 | BK3: 21.4008 | BL3: 21.3754 | BM3: 21.3429 | BN3: 21.2502 | BO3: 21.1083 | BP3: 20.9832 | BQ3: 20.9427 | BR3: 20.8752 | BS3: 20.6943 | BT3: 20.6858 | BU3: 20.6657 | BV3: 20.6575 | BW3: 20.6667 | BX3: 20.638 | BY3: 20.6461 | BZ3: 20.584 | CA3: 20.5545 | CB3: 20.5347
A4: =AVERAGE(C4:CB4) -> 22.268636 | C4: 25.3671 | D4: 23.618 | E4: 28.7425 | F4: 23.0647 | G4: 26.3426 | H4: 23.5045 | I4: 22.7927 | J4: 25.4505 | K4: 22.8541 | L4: 23.2133 | M4: 24.9701 | N4: 22.6469 | O4: 20.9824 | P4: 22.9754 | Q4: 24.0882 | R4: 24.0015 | S4: 22.6611 | T4: 21.5941 | U4: 19.3508 | V4: 20.517 | W4: 22.3725 | X4: 22.4779 | Y4: 23.3025 | Z4: 23.004 | AA4: 23.7776 | AB4: 23.4267 | AC4: 22.8652 | AD4: 22.6274 | AE4: 22.2708 | AF4: 21.8875 | AG4: 21.6851 | AH4: 18.9398 | AI4: 19.0989 | AJ4: 19.1374 | AK4: 19.7891 | AL4: 19.896 | AM4: 19.8375 | AN4: 19.8759 | AO4: 19.8712 | AP4: 21.535 | AQ4: 21.4424 | AR4: 21.4209 | AS4: 21.381 | AT4: 21.338 | AU4: 21.3262 | AV4: 22.9085 | AW4: 22.9094 | AX4: 22.8467 | AY4: 22.7778 | AZ4: 22.6188 | BA4: 22.5431 | BB4: 22.4998 | BC4: 22.4357 | BD4: 22.3647 | BE4: 22.7424 | BF4: 22.6402 | BG4: 22.5579 | BH4: 22.5117 | BI4: 22.3788 | BJ4: 22.2647 | BK4: 22.231 | BL4: 22.1357 | BM4: 22.1468 | BN4: 22.0545 | BO4: 21.9027 | BP4: 21.7651 | BQ4: 21.7355 | BR4: 21.6831 | BS4: 22.0874 | BT4: 22.0697 | BU4: 22.0244 | BV4: 21.9526 | BW4: 21.9101 | BX4: 21.8725 | BY4: 21.8521 | BZ4: 21.7711 | CA4: 21.738 | CB4: 21.6971
A5: =AVERAGE(C5:CB5) -> 22.626719 | C5: 33.3325 | D5: 32.7335 | E5: 28.7425 | F5: 28.4652 | G5: 23.374 | H5: 22.1787 | I5: 24.8439 | J5: 25.4505 | K5: 21.1282 | L5: 25.5707 | M5: 23.4103 | N5: 21.5015 | O5: 24.6695 | P5: 24.446 | Q5: 22.8861 | R5: 20.9206 | S5: 22.1028 | T5: 24.0361 | U5: 23.7063 | V5: 23.5432 | W5: 23.1067 | X5: 22.433 | Y5: 20.4152 | Z5: 20.5012 | AA5: 21.8252 | AB5: 21.8639 | AC5: 21.8304 | AD5: 22.9838 | AE5: 22.8179 | AF5: 22.6446 | AG5: 23.3263 | AH5: 23.0984 | AI5: 22.9332 | AJ5: 22.555 | AK5: 22.9355 | AL5: 22.7566 | AM5: 22.4686 | AN5: 22.2 | AO5: 18.9455 | AP5: 19.7727 | AQ5: 19.7303 | AR5: 19.7575 | AS5: 19.7843 | AT5: 19.8186 | AU5: 19.8399 | AV5: 21.8698 | AW5: 21.9107 | AX5: 21.87 | AY5: 21.8664 | AZ5: 21.766 | BA5: 21.7299 | BB5: 21.7535 | BC5: 21.745 | BD5: 21.7058 | BE5: 22.4487 | BF5: 22.3695 | BG5: 22.2943 | BH5: 22.2632 | BI5: 22.1845 | BJ5: 22.0888 | BK5: 22.0803 | BL5: 22.0201 | BM5: 22.045 | BN5: 21.9829 | BO5: 21.8556 | BP5: 21.7332 | BQ5: 21.7327 | BR5: 21.6837 | BS5: 22.4082 | BT5: 22.398 | BU5: 22.3421 | BV5: 22.2736 | BW5: 22.2618 | BX5: 22.249 | BY5: 22.1798 | BZ5: 22.1481 | CA5: 22.1278 | CB5: 22.1097
A6: =AVERAGE(C6:CB6) -> 22.577556 | C6: 31.1896 | D6: 25.1852 | E6: 28.7425 | F6: 27.0729 | G6: 27.9447 | H6: 26.1543 | I6: 26.258 | J6: 25.4505 | K6: 22.1748 | L6: 25.4373 | M6: 22.2741 | N6: 23.8351 | O6: 23.9681 | P6: 21.3153 | Q6: 22.8047 | R6: 24.4794 | S6: 23.8625 | T6: 22.7728 | U6: 20.6289 | V6: 21.9992 | W6: 23.4945 | X6: 23.3355 | Y6: 23.7833 | Z6: 23.3379 | AA6: 23.0503 | AB6: 22.6217 | AC6: 19.953 | AD6: 20.6391 | AE6: 20.7465 | AF6: 20.8148 | AG6: 22.605 | AH6: 22.5621 | AI6: 22.6012 | AJ6: 22.4252 | AK6: 23.4335 | AL6: 23.3346 | AM6: 23.0568 | AN6: 22.8912 | AO6: 22.6672 | AP6: 23.1983 | AQ6: 22.8843 | AR6: 22.7973 | AS6: 22.6125 | AT6: 22.4234 | AU6: 19.2215 | AV6: 20.4241 | AW6: 20.4777 | AX6: 20.4486 | AY6: 20.4659 | AZ6: 20.417 | BA6: 20.3994 | BB6: 20.493 | BC6: 20.4915 | BD6: 20.4659 | BE6: 21.8732 | BF6: 21.8254 | BG6: 21.7731 | BH6: 21.7689 | BI6: 21.6994 | BJ6: 21.6352 | BK6: 21.6415 | BL6: 21.5828 | BM6: 21.6286 | BN6: 21.591 | BO6: 21.4798 | BP6: 21.3629 | BQ6: 21.3731 | BR6: 21.33 | BS6: 22.1547 | BT6: 22.1547 | BU6: 22.0922 | BV6: 22.0355 | BW6: 22.0366 | BX6: 22.0431 | BY6: 21.9781 | BZ6: 21.9573 | CA6: 21.9572 | CB6: 21.9514
A7: =AVERAGE(C7:CB7) -> 22.588374 | C7: 27.7271 | D7: 32.7335 | E7: 28.7425 | F7: 25.1933 | G7: 24.5226 | H7: 27.2528 | I7: 26.4152 | J7: 25.4505 | K7: 23.1375 | L7: 24.9336 | M7: 23.8897 | N7: 24.5188 | O7: 22.2116 | P7: 23.8456 | Q7: 24.0501 | R7: 20.9206 | S7: 22.1028 | T7: 24.0361 | U7: 23.7063 | V7: 23.5432 | W7: 20.9654 | X7: 21.1121 | Y7: 22.5626 | Z7: 22.4708 | AA7: 23.3601 | AB7: 23.0779 | AC7: 22.7336 | AD7: 23.0456 | AE7: 22.7653 | AF7: 22.3758 | AG7: 20.3399 | AH7: 20.3603 | AI7: 20.5695 | AJ7: 20.5092 | AK7: 22.4564 | AL7: 22.4692 | AM7: 22.2996 | AN7: 22.2286 | AO7: 22.127 | AP7: 23.4003 | AQ7: 23.2105 | AR7: 23.1258 | AS7: 22.9979 | AT7: 22.8685 | AU7: 22.7468 | AV7: 22.9802 | AW7: 22.907 | AX7: 22.7878 | AY7: 22.6313 | AZ7: 22.4948 | BA7: 22.3588 | BB7: 20.0222 | BC7: 20.0363 | BD7: 20.0198 | BE7: 21.1375 | BF7: 21.1065 | BG7: 21.067 | BH7: 21.064 | BI7: 21.0069 | BJ7: 20.9539 | BK7: 20.9712 | BL7: 20.9183 | BM7: 20.9777 | BN7: 20.9538 | BO7: 20.8788 | BP7: 20.7948 | BQ7: 20.8114 | BR7: 20.7683 | BS7: 21.8203 | BT7: 21.8138 | BU7: 21.776 | BV7: 21.7082 | BW7: 21.715 | BX7: 21.7058 | BY7: 21.6502 | BZ7: 21.6397 | CA7: 21.6487 | CB7: 21.6551
A8: =AVERAGE(C8:CB8) -> 22.715672 | C8: 33.3325 | D8: 26.6161 | E8: 28.7425 | F8: 28.4652 | G8: 27.6217 | H8: 25.4781 | I8: 26.4501 | J8: 25.4505 | K8: 24.2408 | L8: 23.8609 | M8: 25.1045 | N8: 21.5015 | O8: 24.6695 | P8: 24.446 | Q8: 22.464 | R8: 23.6883 | S8: 23.9986 | T8: 23.1772 | U8: 21.5828 | V8: 22.9114 | W8: 23.9462 | X8: 23.604 | Y8: 23.4106 | Z8: 20.5012 | AA8: 21.8252 | AB8: 21.8639 | AC8: 21.8304 | AD8: 22.9838 | AE8: 22.8179 | AF8: 22.6446 | AG8: 23.3263 | AH8: 23.0984 | AI8: 22.9332 | AJ8: 22.555 | AK8: 21.0358 | AL8: 21.0851 | AM8: 20.9935 | AN8: 21.0233 | AO8: 20.9801 | AP8: 22.7644 | AQ8: 22.6577 | AR8: 22.6064 | AS8: 22.5281 | AT8: 22.4413 | AU8: 22.3811 | AV8: 23.1133 | AW8: 23.0625 | AX8: 22.9558 | AY8: 22.8396 | AZ8: 22.6827 | BA8: 22.5684 | BB8: 22.5111 | BC8: 22.4249 | BD8: 22.3288 | BE8: 22.5711 | BF8: 22.4457 | BG8: 22.3432 | BH8: 22.2797 | BI8: 20.2371 | BJ8: 20.1928 | BK8: 20.2287 | BL8: 20.1922 | BM8: 20.2837 | BN8: 20.2692 | BO8: 20.1963 | BP8: 20.1306 | BQ8: 20.1488 | BR8: 20.1083 | BS8: 21.4792 | BT8: 21.4779 | BU8: 21.4501 | BV8: 21.3899 | BW8: 21.408 | BX8: 21.4072 | BY8: 21.3601 | BZ8: 21.3512 | CA8: 21.3664 | CB8: 21.3782
A9: =AVERAGE(C9:CB9) -> 22.869305 | C9: 33.9162 | D9: 32.7335 | E9: 28.7425 | F9: 27.8816 | G9: 26.3258 | H9: 25.7578 | I9: 25.7987 | J9: 25.4505 | K9: 24.9691 | L9: 23.2133 | M9: 24.9701 | N9: 23.7946 | O9: 24.5084 | P9: 22.9754 | Q9: 24.0882 | R9: 24.0015 | S9: 22.1028 | T9: 24.0361 | U9: 23.7063 | V9: 23.5432 | W9: 22.3725 | X9: 22.4779 | Y9: 23.3025 | Z9: 23.004 | AA9: 23.7776 | AB9: 23.4267 | AC9: 20.4563 | AD9: 21.4273 | AE9: 21.4804 | AF9: 21.4745 | AG9: 22.9573 | AH9: 22.8825 | AI9: 22.8394 | AJ9: 22.6051 | AK9: 23.3453 | AL9: 23.202 | AM9: 22.8953 | AN9: 22.6775 | AO9: 19.8712 | AP9: 21.535 | AQ9: 21.4424 | AR9: 21.4209 | AS9: 21.381 | AT9: 21.338 | AU9: 21.3262 | AV9: 22.9085 | AW9: 22.9094 | AX9: 22.8467 | AY9: 22.7778 | AZ9: 22.6188 | BA9: 22.5431 | BB9: 22.4998 | BC9: 22.4357 | BD9: 22.3647 | BE9: 22.7424 | BF9: 22.6402 | BG9: 22.5579 | BH9: 22.5117 | BI9: 22.3788 | BJ9: 22.2647 | BK9: 22.231 | BL9: 22.1357 | BM9: 22.1468 | BN9: 22.0545 | BO9: 19.6226 | BP9: 19.563 | BQ9: 19.5811 | BR9: 19.5521 | BS9: 21.1093 | BT9: 21.111 | BU9: 21.0899 | BV9: 21.0258 | BW9: 21.0424 | BX9: 21.0454 | BY9: 21.0044 | BZ9: 20.9988 | CA9: 21.0182 | CB9: 21.0392
A10: =AVERAGE(C10:CB10) -> 22.866881 | C10: 30.2966 | D10: 27.5356 | E10: 28.7425 | F10: 25.663 | G10: 27.3284 | H10: 27.1931 | I10: 24.9023 | J10: 25.4505 | K10: 25.0485 | L10: 24.4606 | M10: 23.0855 | N10: 24.5016 | O10: 23.3328 | P10: 24.1298 | Q10: 22.0025 | R10: 23.3517 | S10: 24.1148 | T10: 23.5346 | U10: 21.6522 | V10: 23.3849 | W10: 23.9003 | X10: 23.5271 | Y10: 22.2032 | Z10: 22.1487 | AA10: 23.3285 | AB10: 23.1328 | AC10: 22.8841 | AD10: 23.205 | AE10: 22.9048 | AF10: 20.6224 | AG10: 21.7845 | AH10: 21.7272 | AI10: 21.8571 | AJ10: 21.7152 | AK10: 23.3069 | AL10: 23.2231 | AM10: 22.9538 | AN10: 22.8114 | AO10: 22.5816 | AP10: 23.3563 | AQ10: 23.0445 | AR10: 22.9611 | AS10: 20.8278 | AT10: 20.8097 | AU10: 20.8244 | AV10: 22.3817 | AW10: 22.4084 | AX10: 22.3394 | AY10: 22.3058 | AZ10: 22.1693 | BA10: 22.1147 | BB10: 22.1087 | BC10: 22.0798 | BD10: 22.0285 | BE10: 22.7033 | BF10: 22.6237 | BG10: 22.5438 | BH10: 22.5191 | BI10: 22.4097 | BJ10: 22.3098 | BK10: 22.2963 | BL10: 22.2193 | BM10: 22.2511 | BN10: 22.1734 | BO10: 22.0341 | BP10: 21.8907 | BQ10: 21.8725 | BR10: 21.8201 | BS10: 22.3124 | BT10: 22.2941 | BU10: 22.2641 | BV10: 20.5388 | BW10: 20.5543 | BX10: 20.5556 | BY10: 20.519 | BZ10: 20.5176 | CA10: 20.5397 | CB10: 20.5649
A11: =AVERAGE(C11:CB11) -> 23.191112 | C11: 33.3325 | D11: 32.7335 | E11: 28.7425 | F11: 28.4652 | G11: 27.4256 | H11: 27.2528 | I11: 24.2387 | J11: 25.4505 | K11: 25.196 | L11: 25.5707 | M11: 23.8897 | N11: 24.5188 | O11: 24.6695 | P11: 24.446 | Q11: 23.829 | R11: 24.258 | S11: 22.1028 | T11: 24.0361 | U11: 23.7063 | V11: 21.3812 | W11: 23.2477 | X11: 23.1811 | Y11: 23.8501 | Z11: 23.3745 | AA11: 21.8252 | AB11: 21.8639 | AC11: 21.8304 | AD11: 22.9838 | AE11: 22.8179 | AF11: 22.6446 | AG11: 23.3263 | AH11: 23.0984 | AI11: 20.5695 | AJ11: 20.5092 | AK11: 22.4564 | AL11: 22.4692 | AM11: 22.2996 | AN11: 22.2286 | AO11: 22.127 | AP11: 23.4003 | AQ11: 23.2105 | AR11: 23.1258 | AS11: 22.9979 | AT11: 22.8685 | AU11: 22.7468 | AV11: 22.9802 | AW11: 21.9107 | AX11: 21.87 | AY11: 21.8664 | AZ11: 21.766 | BA11: 21.7299 | BB11: 21.7535 | BC11: 21.745 | BD11: 21.7058 | BE11: 22.4487 | BF11: 22.3695 | BG11: 22.2943 | BH11: 22.2632 | BI11: 22.1845 | BJ11: 22.0888 | BK11: 22.0803 | BL11: 22.0201 | BM11: 22.045 | BN11: 21.9829 | BO11: 21.8556 | BP11: 21.7332 | BQ11: 21.7327 | BR11: 21.6837 | BS11: 22.4082 | BT11: 22.398 | BU11: 22.3421 | BV11: 22.2736 | BW11: 22.2618 | BX11: 22.249 | BY11: 22.1798 | BZ11: 22.1481 | CA11: 22.1278 | CB11: 22.1097
A12: =AVERAGE(C12:CB12) -> 23.05795 | C12: 33.9162 | D12: 28.1957 | E12: 28.7425 | F12: 28.5463 | G12: 26.5794 | H12: 25.6024 | I12: 23.9042 | J12: 25.4505 | K12: 25.3635 | L12: 25.5679 | M12: 25.1381 | N12: 23.1885 | O12: 24.8109 | P12: 23.7413 | Q12: 24.1871 | R12: 23.2458 | S12: 23.9297 | T12: 23.8206 | U12: 21.9746 | V12: 23.4177 | W12: 24.0241 | X12: 21.333 | Y12: 23.2372 | Z12: 23.0298 | AA12: 23.8852 | AB12: 23.5876 | AC12: 20.991 | AD12: 22.0028 | AE12: 22.0229 | AF12: 21.9468 | AG12: 22.9864 | AH12: 22.874 | AI12: 22.8201 | AJ12: 22.5371 | AK12: 23.3501 | AL12: 21.6227 | AM12: 21.4981 | AN12: 21.5014 | AO12: 21.4299 | AP12: 23.0523 | AQ12: 22.8968 | AR12: 22.8216 | AS12: 22.6997 | AT12: 22.6184 | AU12: 22.5344 | AV12: 23.1276 | AW12: 23.0723 | AX12: 22.97 | AY12: 22.8473 | AZ12: 22.7228 | BA12: 21.249 | BB12: 21.3046 | BC12: 21.3007 | BD12: 21.2697 | BE12: 22.1642 | BF12: 22.1044 | BG12: 22.0411 | BH12: 22.0292 | BI12: 21.9573 | BJ12: 21.8728 | BK12: 21.8774 | BL12: 21.8214 | BM12: 21.8512 | BN12: 21.801 | BO12: 21.6914 | BP12: 21.5801 | BQ12: 21.5849 | BR12: 21.5403 | BS12: 22.1597 | BT12: 22.1532 | BU12: 22.0826 | BV12: 22.017 | BW12: 22.0173 | BX12: 22.0114 | BY12: 21.9437 | BZ12: 21.92 | CA12: 21.9068 | CB12: 21.9014
... A19: =AVERAGE(C19:CB19) -> 23.235912 | C19: 33.2534 | D19: 32.7335 | E19: 28.7425 | F19: 27.3788 | G19: 27.4917 | H19: 27.2528 | I19: 25.7987 | J19: 25.4505 | K19: 24.9691 | L19: 25.5579 | M19: 23.8897 | N19: 23.8228 | O19: 24.6695 | P19: 24.446 | Q19: 24.0882 | R19: 23.6642 | S19: 24.0539 | T19: 24.0361 | U19: 23.7063 | V19: 22.9114 | W19: 23.9462 | X19: 22.4779 | Y19: 23.3025 | Z19: 23.004 | AA19: 22.8625 | AB19: 22.7745 | AC19: 22.5977 | AD19: 23.3671 | AE19: 21.4804 | AF19: 21.4745 | AG19: 22.9573 | AH19: 22.8825 | AI19: 22.8394 | AJ19: 22.6051 | AK19: 22.4564 | AL19: 22.4692 | AM19: 22.2996 | AN19: 22.2286 | AO19: 22.127 | AP19: 23.4003 | AQ19: 23.2105 | AR19: 23.1258 | AS19: 21.381 | AT19: 21.338 | AU19: 21.3262 | AV19: 22.9085 | AW19: 22.9094 | AX19: 22.8467 | AY19: 22.7778 | AZ19: 22.6188 | BA19: 22.5431 | BB19: 22.4998 | BC19: 22.4357 | BD19: 22.3647 | BE19: 22.7424 | BF19: 22.0755 | BG19: 22.0157 | BH19: 22.008 | BI19: 21.9368 | BJ19: 21.8585 | BK19: 21.863 | BL19: 21.8107 | BM19: 21.8409 | BN19: 21.7945 | BO19: 21.6848 | BP19: 21.5777 | BQ19: 21.5833 | BR19: 21.5394 | BS19: 22.1688 | BT19: 22.1644 | BU19: 22.0969 | BV19: 22.0338 | BW19: 22.036 | BX19: 22.0336 | BY19: 21.9667 | BZ19: 21.9445 | CA19: 21.936 | CB19: 21.9335
A21: 18.702719
A22: 20.604463
A23: 22.052994
A24: 22.268636
A25: 22.626719
A26: 22.577556
A27: 22.588374
A28: 22.715672
A29: 22.869305
A30: 22.866881
A31: 23.191112
A32: 23.05795
... A39: 23.235912

Sheet N=1
B1: mandrill | C1: milkdrop | D1: parrots | E1: pepper | F1: average
A2: 10 | B2: 17.253295 | C2: 18.453942 | D2: 18.013282 | E2: 16.401583 | F2: =AVERAGE(B2:E2) -> 17.530526
A3: 15 | B3: 18.761292 | C3: 19.925142 | D3: 19.676642 | E3: 17.896744 | F3: =AVERAGE(B3:E3) -> 19.064955
A4: 20 | B4: 20.242709 | C4: 21.261881 | D4: 21.335131 | E4: 19.333992 | F4: =AVERAGE(B4:E4) -> 20.543428
A5: 25 | B5: 21.163937 | C5: 22.05395 | D5: 22.393072 | E5: 20.284064 | F5: =AVERAGE(B5:E5) -> 21.473756
A6: 30 | B6: 21.782108 | C6: 22.616315 | D6: 23.085653 | E6: 20.950021 | F6: =AVERAGE(B6:E6) -> 22.108524
A7: 35 | B7: 21.946578 | C7: 22.745073 | D7: 23.269346 | E7: 21.117741 | F7: =AVERAGE(B7:E7) -> 22.269685
A8: 40 | B8: 22.158262 | C8: 22.985451 | D8: 23.505618 | E8: 21.339731 | F8: =AVERAGE(B8:E8) -> 22.497265
A9: 45 | B9: 22.150013 | C9: 23.035896 | D9: 23.520667 | E9: 21.331013 | F9: =AVERAGE(B9:E9) -> 22.509397
A10: 50 | B10: 22.131618 | C10: 23.030274 | D10: 23.523074 | E10: 21.361221 | F10: =AVERAGE(B10:E10) -> 22.511547
A11: 55 | B11: 22.252412 | C11: 23.112872 | D11: 23.636968 | E11: 21.483228 | F11: =AVERAGE(B11:E11) -> 22.62137
A12: 60 | B12: 22.448432 | C12: 23.37456 | D12: 23.917844 | E12: 21.71639 | F12: =AVERAGE(B12:E12) -> 22.864306
A13: 65 | B13: 22.350983 | C13: 23.273906 | D13: 23.833714 | E13: 21.621858 | F13: =AVERAGE(B13:E13) -> 22.770115
... A20: 100 | B20: 22.570292 | C20: 23.494338 | D20: 24.105023 | E20: 21.877282 | F20: =AVERAGE(B20:E20) -> 23.011734

Sheet N=2
B1: mandrill | C1: milkdrop | D1: parrots | E1: pepper | F1: average
A2: 10 | B2: 17.320536 | C2: 18.470992 | D2: 18.005941 | E2: 16.398185 | F2: =AVERAGE(B2:E2) -> 17.548913
A3: 15 | B3: 19.335058 | C3: 20.388882 | D3: 20.046433 | E3: 18.341429 | F3: =AVERAGE(B3:E3) -> 19.527951
A4: 20 | B4: 21.289458 | C4: 22.135055 | D4: 22.052062 | E4: 20.231621 | F4: =AVERAGE(B4:E4) -> 21.427049
A5: 25 | B5: 21.943451 | C5: 22.700187 | D5: 22.817005 | E5: 20.876709 | F5: =AVERAGE(B5:E5) -> 22.084338
A6: 30 | B6: 22.352581 | C6: 23.092815 | D6: 23.25989 | E6: 21.304212 | F6: =AVERAGE(B6:E6) -> 22.502374
A7: 35 | B7: 22.453596 | C7: 23.139504 | D7: 23.364146 | E7: 21.368231 | F7: =AVERAGE(B7:E7) -> 22.581369
A8: 40 | B8: 22.530767 | C8: 23.181818 | D8: 23.406021 | E8: 21.437377 | F8: =AVERAGE(B8:E8) -> 22.638996
A9: 45 | B9: 22.630826 | C9: 23.373612 | D9: 23.553519 | E9: 21.578101 | F9: =AVERAGE(B9:E9) -> 22.784014
A10: 50 | B10: 22.728329 | C10: 23.430541 | D10: 23.646471 | E10: 21.668328 | F10: =AVERAGE(B10:E10) -> 22.868417
A11: 55 | B11: 22.879587 | C11: 23.554355 | D11: 23.794941 | E11: 21.824832 | F11: =AVERAGE(B11:E11) -> 23.013429
A12: 60 | B12: 23.156451 | C12: 23.855442 | D12: 24.091612 | E12: 22.133735 | F12: =AVERAGE(B12:E12) -> 23.30931
A13: 65 | B13: 23.032458 | C13: 23.78515 | D13: 24.02256 | E13: 22.036524 | F13: =AVERAGE(B13:E13) -> 23.219173
... A20: 100 | B20: 23.22711 | C20: 23.934205 | D20: 24.207042 | E20: 22.222714 | F20: =AVERAGE(B20:E20) -> 23.397768

Sheet N=3
B1: mandrill | C1: milkdrop | D1: parrots | E1: pepper | F1: average
A2: 10 | B2: 17.609954 | C2: 18.806237 | D2: 18.31789 | E2: 16.658315 | F2: =AVERAGE(B2:E2) -> 17.848099
A3: 15 | B3: 19.606145 | C3: 20.661577 | D3: 20.310797 | E3: 18.542646 | F3: =AVERAGE(B3:E3) -> 19.780291
A4: 20 | B4: 21.538364 | C4: 22.391204 | D4: 22.29946 | E4: 20.395596 | F4: =AVERAGE(B4:E4) -> 21.656156
A5: 25 | B5: 22.28249 | C5: 23.064717 | D5: 23.175103 | E5: 21.142097 | F5: =AVERAGE(B5:E5) -> 22.416102
A6: 30 | B6: 22.824799 | C6: 23.613851 | D6: 23.79521 | E6: 21.685287 | F6: =AVERAGE(B6:E6) -> 22.979787
A7: 35 | B7: 22.975026 | C7: 23.745831 | D7: 23.967521 | E7: 21.820024 | F7: =AVERAGE(B7:E7) -> 23.1271
A8: 40 | B8: 23.15025 | C8: 23.917287 | D8: 24.144031 | E8: 22.016865 | F8: =AVERAGE(B8:E8) -> 23.307108
A9: 45 | B9: 23.198259 | C9: 24.025633 | D9: 24.224946 | E9: 22.079245 | F9: =AVERAGE(B9:E9) -> 23.382021
A10: 50 | B10: 23.319003 | C10: 24.122085 | D10: 24.35034 | E10: 22.194791 | F10: =AVERAGE(B10:E10) -> 23.496554
A11: 55 | B11: 23.422185 | C11: 24.181014 | D11: 24.422994 | E11: 22.292764 | F11: =AVERAGE(B11:E11) -> 23.579739
A12: 60 | B12: 23.745747 | C12: 24.531177 | D12: 24.795558 | E12: 22.645938 | F12: =AVERAGE(B12:E12) -> 23.929605
A13: 65 | B13: 23.569615 | C13: 24.405118 | D13: 24.65859 | E13: 22.487828 | F13: =AVERAGE(B13:E13) -> 23.780288
... A20: 100 | B20: 23.833135 | C20: 24.658062 | D20: 24.956171 | E20: 22.767529 | F20: =AVERAGE(B20:E20) -> 24.053724

Sheet N=4
B1: mandrill | C1: milkdrop | D1: parrots | E1: pepper | F1: average
A2: 10 | B2: 17.326677 | C2: 18.571451 | D2: 18.028144 | E2: 16.411569 | F2: =AVERAGE(B2:E2) -> 17.58446
A3: 15 | B3: 19.541985 | C3: 20.629919 | D3: 20.173256 | E3: 18.506258 | F3: =AVERAGE(B3:E3) -> 19.712854
A4: 20 | B4: 21.315237 | C4: 22.243778 | D4: 21.995129 | E4: 20.205404 | F4: =AVERAGE(B4:E4) -> 21.439887
A5: 25 | B5: 21.493392 | C5: 22.433551 | D5: 22.360419 | E5: 20.364756 | F5: =AVERAGE(B5:E5) -> 21.66303
A6: 30 | B6: 21.740726 | C6: 22.693403 | D6: 22.647628 | E6: 20.626933 | F6: =AVERAGE(B6:E6) -> 21.927172
A7: 35 | B7: 21.65881 | C7: 22.625114 | D7: 22.589619 | E7: 20.547941 | F7: =AVERAGE(B7:E7) -> 21.855371
A8: 40 | B8: 21.560322 | C8: 22.534062 | D8: 22.506678 | E8: 20.478362 | F8: =AVERAGE(B8:E8) -> 21.769856
A9: 45 | B9: 21.710663 | C9: 22.737923 | D9: 22.682827 | E9: 20.659629 | F9: =AVERAGE(B9:E9) -> 21.947761
A10: 50 | B10: 21.878467 | C10: 22.843938 | D10: 22.821032 | E10: 20.780524 | F10: =AVERAGE(B10:E10) -> 22.08099
A11: 55 | B11: 21.973004 | C11: 22.940467 | D11: 22.923149 | E11: 20.884958 | F11: =AVERAGE(B11:E11) -> 22.180394
A12: 60 | B12: 22.266983 | C12: 23.203615 | D12: 23.205491 | E12: 21.163338 | F12: =AVERAGE(B12:E12) -> 22.459857
A13: 65 | B13: 22.151108 | C13: 23.127408 | D13: 23.121642 | E13: 21.076108 | F13: =AVERAGE(B13:E13) -> 22.369066
... A20: 100 | B20: 22.289937 | C20: 23.250396 | D20: 23.260008 | E20: 21.210773 | F20: =AVERAGE(B20:E20) -> 22.502779

Sheet N=5
B1: mandrill | C1: milkdrop | D1: parrots | E1: pepper | F1: average
A2: 10 | B2: 17.424077 | C2: 18.702719 | D2: 18.176658 | E2: 16.504071 | F2: =AVERAGE(B2:E2) -> 17.701881
A3: 15 | B3: 19.524567 | C3: 20.604463 | D3: 20.182541 | E3: 18.458927 | F3: =AVERAGE(B3:E3) -> 19.692624
A4: 20 | B4: 21.162324 | C4: 22.052994 | D4: 21.838076 | E4: 20.012077 | F4: =AVERAGE(B4:E4) -> 21.266368
A5: 25 | B5: 21.356592 | C5: 22.268636 | D5: 22.219294 | E5: 20.185208 | F5: =AVERAGE(B5:E5) -> 21.507432
A6: 30 | B6: 21.681301 | C6: 22.626719 | D6: 22.625742 | E6: 20.515772 | F6: =AVERAGE(B6:E6) -> 21.862384
A7: 35 | B7: 21.610056 | C7: 22.577556 | D7: 22.581733 | E7: 20.457863 | F7: =AVERAGE(B7:E7) -> 21.806802
A8: 40 | B8: 21.583179 | C8: 22.588374 | D8: 22.594756 | E8: 20.475915 | F8: =AVERAGE(B8:E8) -> 21.810556
A9: 45 | B9: 21.685924 | C9: 22.715672 | D9: 22.71296 | E9: 20.584604 | F9: =AVERAGE(B9:E9) -> 21.92479
A10: 50 | B10: 21.886028 | C10: 22.869305 | D10: 22.887568 | E10: 20.750476 | F10: =AVERAGE(B10:E10) -> 22.098344
A11: 55 | B11: 21.907441 | C11: 22.866881 | D11: 22.896583 | E11: 20.769983 | F11: =AVERAGE(B11:E11) -> 22.110222
A12: 60 | B12: 22.250745 | C12: 23.191112 | D12: 23.254018 | E12: 21.103059 | F12: =AVERAGE(B12:E12) -> 22.449733
A13: 65 | B13: 22.096569 | C13: 23.05795 | D13: 23.108549 | E13: 20.965664 | F13: =AVERAGE(B13:E13) -> 22.307183
... A20: 100 | B20: 22.26961 | C20: 23.235912 | D20: 23.304805 | E20: 21.144256 | F20: =AVERAGE(B20:E20) -> 22.488646
